name,artist,rank,last_week_rank,peak_rank,weeks_on_chart
Dai Dai (FIFA World Cup Official Song 2026),Shakira X Burna Boy,1,1,0,12
Hate That I Made You Love Me,Ariana Grande,2,1,0,11
Choosin' Texas,Ella Langley,3,2,0,42
Petal,Ariana Grande,4,2,0,2
Loser,Tame Impala,5,5,0,2
Beauty And A Beat,Justin Bieber Featuring Nicki Minaj,6,1,0,18
Ordinary,Alex Warren,7,1,0,79
Stupid Song,Olivia Rodrigo,8,1,0,9
Billie Jean,Michael Jackson,9,1,0,157
Dracula,Tame Impala & JENNIE,10,2,0,44
Man I Need,Olivia Dean,11,2,0,51
Swim,BTS,12,1,0,21
Earrings,Malcolm Todd,13,13,0,19
Self Aware,Temper City,14,14,0,19
The Cure,Olivia Rodrigo,15,2,0,12
Animal,KATSEYE,16,10,0,3
Boston,Stella Lefty,17,17,0,16
Babydoll,Dominic Fike,18,2,0,27
The Fate Of Ophelia,Taylor Swift,19,1,0,45
Wonderwall,Oasis,20,4,0,54
Golden,"HUNTR/X: EJAE, Audrey Nuna & REI AMI",21,1,0,60
Been By Now,Morgan Wallen,22,4,0,3
Oh Yeah?,Steve Lacy,23,23,0,2
Iris,Goo Goo Dolls,24,21,0,154
This & That,Stray Kids,25,25,0,1
The One That Got Away,Katy Perry,26,23,0,20
Drop Dead,Olivia Rodrigo,27,1,0,17
Love Me Not,Ravyn Lenae,28,7,0,73
Sunflower (Spider-Man: Into The Spider-Verse),Post Malone & Swae Lee,29,20,0,302
Die With A Smile,Lady Gaga & Bruno Mars,30,1,0,104
Beat It,Michael Jackson,31,5,0,18
Janice STFU,Drake,32,1,0,13
Back To Friends,sombr,33,5,0,73
So Easy (To Fall In Love),Olivia Dean,34,7,0,46
Movin' To The Sun,"HUGEL, Imael Angel & Ultra Nate",35,35,0,7
Mr. Brightside,The Killers,36,27,0,202
Lush Life,Zara Larsson,37,8,0,38
Jamaican (Bam Bam),HUGEL & SOLTO,38,36,0,19
End Of Beginning,Djo,39,1,0,125
DTMF,Bad Bunny,40,1,0,84
Beautiful Things,Benson Boone,41,1,0,134
"I Knew It, I Knew You",Taylor Swift,42,1,0,10
EOO,Bad Bunny,43,4,0,83
Where Is My Husband!,RAYE,44,6,0,47
Be Her,Ella Langley,45,25,0,26
Rein Me In,Sam Fender & Olivia Dean,46,39,0,26
Sign Of The Times,Harry Styles,47,46,0,27
Dreams,Fleetwood Mac,48,10,0,277
Every Breath You Take,The Police,49,9,0,210
Save Your Tears,The Weeknd & Ariana Grande,50,1,0,293
Creep,Radiohead,51,26,0,156
Midnight Sun,Zara Larsson,52,27,0,31
Nuevayol,Bad Bunny,53,3,0,84
Birds Of A Feather,Billie Eilish,54,1,0,117
I Can't Love You Anymore,Ella Langley & Morgan Wallen,55,30,0,16
Sweater Weather,The Neighbourhood,56,21,0,307
Normal,BTS,57,4,0,17
Riptide,Vance Joy,58,53,0,252
Daisies,Justin Bieber,59,3,0,57
Baile Inolvidable,Bad Bunny,60,2,0,84
Risk It All,Bruno Mars,61,1,0,24
On The Floor,Jennifer Lopez Featuring Pitbull,62,22,0,13
Cinderella,Mac Miller Featuring Ty Dolla $ign,63,47,0,12
I Just Might,Bruno Mars,64,4,0,31
Stateside,PinkPantheress With Zara Larsson,65,1,0,31
Sailor Song,Gigi Perez,66,10,0,103
Lose Control,Teddy Swims,67,4,0,152
Like I Do,Ariana Grande,68,11,0,2
Locked Out Of Heaven,Bruno Mars,69,23,0,155
Talk To You,ANOTR Featuring 54 Ultra,70,59,0,12
APT.,ROSE & Bruno Mars,71,1,0,95
Ain't In LA,ADELA,72,72,0,2
Raindance,Dave & Tems,73,12,0,36
Pile,Mauvais djo,74,44,0,10
In The End,Linkin Park,75,45,0,160
Superestrella,Aitana,76,53,0,4
As It Was,Harry Styles,77,1,0,219
Viva La Vida,Coldplay,78,42,0,207
Don't Stop Believin',Journey,79,44,0,233
Honeybee,Olivia Rodrigo,80,5,0,9
Great Expectation,Sienna Spiro,81,81,0,6
Yellow,Coldplay,82,37,0,278
Treat You Better,Shawn Mendes,83,75,0,11
Matadora,Karol G,84,84,0,2
Opalite,Taylor Swift,85,2,0,45
One Dance,Drake Featuring Wizkid & Kyla,86,43,0,83
Starboy,The Weeknd Featuring Daft Punk,87,34,0,266
Smells Like Teen Spirit,Nirvana,88,88,0,229
Espresso,Sabrina Carpenter,89,1,0,122
Blinding Lights,The Weeknd,90,2,0,310
Kiss Me,Ariana Grande,91,5,0,2
Stay,Ariana Grande,92,7,0,2
Die On This Hill,Sienna Spiro,93,11,0,36
Chicago,Michael Jackson,94,18,0,16
Hips Don't Lie,Shakira Featuring Wyclef Jean,95,57,0,37
Oh Well,Ariana Grande,96,8,0,2
Bloodstream,Alyssa Grace,97,97,0,5
Don't Stop The Music,Rihanna,98,89,0,29
Jaded,Koe Wetzel & Ella Langley,99,99,0,1
Dead Fresh,Lil Baby,100,54,0,4
Freaked Out,Fat Papi,101,49,0,5
It's Me,ILLIT,102,67,0,15
Ahi,Karol G & Drake,103,103,0,1
Manchild,Sabrina Carpenter,104,2,0,62
Noble,F3miii,105,61,0,12
Iconic By Mistake,"Le Sserafim, ILLIT & KATSEYE",106,23,0,9
Sweet Child O' Mine,Guns N' Roses,107,57,0,228
Homewrecker,sombr,108,21,0,27
Take On Me,a-ha,109,57,0,233
Everybody Wants To Rule The World,Tears for Fears,110,49,0,201
Hotel California,Eagles,111,111,0,156
No Broke Boys,Disco Lines & Tinashe,112,17,0,59
American Girls,Harry Styles,113,1,0,23
12 To 12,sombr,114,22,0,55
We Are The People,Empire of the Sun,115,83,0,53
Bring Me To Life,Evanescence Featuring Paul McCoy,116,108,0,70
Don't Stop 'Til You Get Enough,Michael Jackson,117,11,0,16
Orbiter,Noah Kahan,118,100,0,12
The Night We Met,Lord Huron,119,37,0,161
Never Get Over Me,Ariana Grande,120,24,0,2
Weren't For The Wind,Ella Langley,121,104,0,30
Numb,Linkin Park,122,27,0,122
505,Arctic Monkeys,123,94,0,152
Still,Karol G & Bruno Mars,124,124,0,1
Si Antes Te Hubiera Conocido,Karol G,125,5,0,110
Die For You,The Weeknd & Ariana Grande,126,2,0,232
Danza Kuduro,Don Omar & Lucenzo,127,75,0,62
We Can't Be Friends (Wait For Your Love),Ariana Grande,128,1,0,117
White Keys,Dominic Fike,129,28,0,25
A Bar Song (Tipsy),Shaboozey,130,3,0,121
Have You Ever Seen The Rain,Creedence Clearwater Revival,131,92,0,100
Titi Me Pregunto,Bad Bunny,132,4,0,96
Wildflower,Billie Eilish,133,11,0,117
Morning Dew (Donk),Beyonce,134,57,0,6
Shape Of You,Ed Sheeran,135,55,0,309
REDRED,CORTIS,136,38,0,16
No One Noticed,The Marias,137,27,0,90
Less Than A Lover,JENNIE,138,26,0,3
Counting Stars,OneRepublic,139,79,0,278
Just The Way You Are,Bruno Mars,140,60,0,137
Big Feelings,Ariana Grande,141,18,0,2
Africa,Toto,142,95,0,82
I Had Some Help,Post Malone Featuring Morgan Wallen,143,1,0,113
Thunderstruck,AC/DC,144,104,0,150
De Lejitos,Jay Wheeler,145,77,0,13
Give Me Everything,"Pitbull Featuring Ne-Yo, Afrojack & Nayer",146,106,0,61
The Less I Know The Better,Tame Impala,147,86,0,36
Baby,Justin Bieber Featuring Ludacris,148,8,0,18
We Found Love,Rihanna Featuring Calvin Harris,149,47,0,66
Into You,Ariana Grande,150,138,0,12
All The Stars,Kendrick Lamar & SZA,151,6,0,91
Levitating,Dua Lipa,152,2,0,279
Your Love,The Outfield,153,127,0,36
Summertime Sadness,Lana Del Rey vs. Cedric Gervais,154,73,0,201
Closer,The Chainsmokers Featuring Halsey,155,96,0,154
Umbrella,Rihanna Featuring Jay-Z,156,32,0,16
Fever Dream,Alex Warren,157,14,0,24
misery.,pupsies,158,109,0,6
Perfect,Ed Sheeran,159,30,0,310
One Of The Girls,"The Weeknd, JENNIE & Lily-Rose Depp",160,10,0,144
BAD,ATEEZ,161,161,0,4
Cruel Summer,Taylor Swift,162,1,0,171
Heat Waves,Glass Animals,163,1,0,216
Iloveitiloveitiloveit,Bella Kay,164,13,0,25
There's Nothing Holdin' Me Back,Shawn Mendes,165,129,0,47
Human Nature,Michael Jackson,166,12,0,16
Only Girl (In The World),Rihanna,167,74,0,17
Purple Rain,Prince And The Revolution,168,30,0,31
Feel Good Inc,Gorillaz,169,57,0,78
Training Season,Dua Lipa,170,6,0,29
BbY WOW,"Karol G, Judeline & rusowsky",171,171,0,1
Somebody That I Used To Know,Gotye Featuring Kimbra,172,129,0,51
Can't Hold Us,Macklemore & Ryan Lewis Featuring Ray Dalton,173,118,0,138
Maggots For Brains,Olivia Rodrigo,174,8,0,8
Te Estoy Correteando,LATIN MAFIA & Fred again..,175,175,0,1
Gabriela,KATSEYE,176,16,0,60
Sex On Fire,Kings of Leon,177,170,0,18
(When You Gonna) Give It Up To Me,Sean Paul Featuring Keyshia Cole,178,52,0,29
Unwritten,Natasha Bedingfield,179,20,0,68
Dichavate,Ya Ice Dilan X Rey Tony X Helabusador,180,161,0,3
Passionfruit,Drake,181,137,0,16
Smooth Criminal,Michael Jackson,182,25,0,16
Titanium,David Guetta Featuring Sia,183,183,0,2
Expectations,Olivia Rodrigo,184,19,0,8
E85,Don Toliver,185,29,0,28
Everlong,Foo Fighters,186,123,0,3
That's So True,Gracie Abrams,187,4,0,94
Stay,The Kid Laroi & Justin Bieber,188,1,0,199
That's What I Like,Bruno Mars,189,37,0,81
Total Eclipse Of The Heart,Bonnie Tyler,190,51,0,6
Bad Thing (Bunny Hop),Ariana Grande,191,30,0,2
Timeless,The Weeknd & Playboi Carti,192,3,0,93
Waka Waka (This Time For Africa),Shakira Featuring Freshlyground,193,60,0,22
The Door,Teddy Swims,194,31,0,112
Payphone,Maroon 5 Featuring Wiz Khalifa,195,136,0,10
"World, Hold On",Bob Sinclar Featuring Steve Edwards,196,152,0,7
Stick Season,Noah Kahan,197,5,0,83
Cheap Thrills,Sia Featuring Sean Paul,198,138,0,16
Too Sweet,Hozier,199,1,0,121
Love On The Brain,Rihanna,200,58,0,21
